"Problem","Severity","File","Line","Column","Rule","Description","URL","Category","Engine"
"1","3","C:\Users\CVHS\SF_Projects\SonarCode\SonarCode\force-app\main\default\classes\BI_PSPB_CommunityConstantCtrl.cls","7","8","TooManyFields","Too many fields","https://docs.pmd-code.org/pmd-doc-7.1.0/pmd_rules_apex_design.html#toomanyfields","Design","pmd"
"2","3","C:\Users\CVHS\SF_Projects\SonarCode\SonarCode\force-app\main\default\classes\BI_PSPB_EmojiReactionCtrl.cls","132","19","ApexCRUDViolation","Validate CRUD permission before SOQL/DML operation or enforce user mode","https://docs.pmd-code.org/pmd-doc-7.1.0/pmd_rules_apex_security.html#apexcrudviolation","Security","pmd"
"3","3","C:\Users\CVHS\SF_Projects\SonarCode\SonarCode\force-app\main\default\classes\BI_PSPB_EmojiReactionCtrl.cls","233","17","ApexDoc","Missing or mismatched ApexDoc @param","https://docs.pmd-code.org/pmd-doc-7.1.0/pmd_rules_apex_documentation.html#apexdoc","Documentation","pmd"
"4","3","C:\Users\CVHS\SF_Projects\SonarCode\SonarCode\force-app\main\default\classes\BI_PSPB_EmojiReactionCtrl.cls","240","33","ApexCRUDViolation","Validate CRUD permission before SOQL/DML operation or enforce user mode","https://docs.pmd-code.org/pmd-doc-7.1.0/pmd_rules_apex_security.html#apexcrudviolation","Security","pmd"
"5","3","C:\Users\CVHS\SF_Projects\SonarCode\SonarCode\force-app\main\default\classes\BI_PSPB_FeedCommentCtrl.cls","78","20","ApexCRUDViolation","Validate CRUD permission before SOQL/DML operation or enforce user mode","https://docs.pmd-code.org/pmd-doc-7.1.0/pmd_rules_apex_security.html#apexcrudviolation","Security","pmd"
"6","3","C:\Users\CVHS\SF_Projects\SonarCode\SonarCode\force-app\main\default\classes\BI_PSPB_FeedItemCtrl.cls","144","48","ApexCRUDViolation","Validate CRUD permission before SOQL/DML operation or enforce user mode","https://docs.pmd-code.org/pmd-doc-7.1.0/pmd_rules_apex_security.html#apexcrudviolation","Security","pmd"
"7","3","C:\Users\CVHS\SF_Projects\SonarCode\SonarCode\force-app\main\default\classes\BI_PSPB_FeedItemCtrl.cls","144","48","ApexCRUDViolation","Validate CRUD permission before SOQL/DML operation or enforce user mode","https://docs.pmd-code.org/pmd-doc-7.1.0/pmd_rules_apex_security.html#apexcrudviolation","Security","pmd"
"8","3","C:\Users\CVHS\SF_Projects\SonarCode\SonarCode\force-app\main\default\classes\BI_PSPB_FeedItemCtrl.cls","144","48","ApexCRUDViolation","Validate CRUD permission before SOQL/DML operation or enforce user mode","https://docs.pmd-code.org/pmd-doc-7.1.0/pmd_rules_apex_security.html#apexcrudviolation","Security","pmd"
"9","3","C:\Users\CVHS\SF_Projects\SonarCode\SonarCode\force-app\main\default\classes\BI_PSPB_FeedItemCtrl.cls","208","49","ApexCRUDViolation","Validate CRUD permission before SOQL/DML operation or enforce user mode","https://docs.pmd-code.org/pmd-doc-7.1.0/pmd_rules_apex_security.html#apexcrudviolation","Security","pmd"
"10","3","C:\Users\CVHS\SF_Projects\SonarCode\SonarCode\force-app\main\default\classes\BI_PSPB_FeedItemCtrl.cls","208","49","ApexCRUDViolation","Validate CRUD permission before SOQL/DML operation or enforce user mode","https://docs.pmd-code.org/pmd-doc-7.1.0/pmd_rules_apex_security.html#apexcrudviolation","Security","pmd"
"11","3","C:\Users\CVHS\SF_Projects\SonarCode\SonarCode\force-app\main\default\classes\BI_PSPB_FeedItemCtrl.cls","208","49","ApexCRUDViolation","Validate CRUD permission before SOQL/DML operation or enforce user mode","https://docs.pmd-code.org/pmd-doc-7.1.0/pmd_rules_apex_security.html#apexcrudviolation","Security","pmd"
"12","3","C:\Users\CVHS\SF_Projects\SonarCode\SonarCode\force-app\main\default\classes\BI_PSPB_FeedItemCtrl.cls","234","57","ApexCRUDViolation","Validate CRUD permission before SOQL/DML operation or enforce user mode","https://docs.pmd-code.org/pmd-doc-7.1.0/pmd_rules_apex_security.html#apexcrudviolation","Security","pmd"
"13","3","C:\Users\CVHS\SF_Projects\SonarCode\SonarCode\force-app\main\default\classes\BI_PSPB_FeedUsernameCtrl.cls","32","23","ApexCRUDViolation","Validate CRUD permission before SOQL/DML operation or enforce user mode","https://docs.pmd-code.org/pmd-doc-7.1.0/pmd_rules_apex_security.html#apexcrudviolation","Security","pmd"
"14","3","C:\Users\CVHS\SF_Projects\SonarCode\SonarCode\force-app\main\default\classes\BI_PSPB_FeedUsernameCtrl.cls","77","27","ApexCRUDViolation","Validate CRUD permission before SOQL/DML operation or enforce user mode","https://docs.pmd-code.org/pmd-doc-7.1.0/pmd_rules_apex_security.html#apexcrudviolation","Security","pmd"
"15","3","C:\Users\CVHS\SF_Projects\SonarCode\SonarCode\force-app\main\default\classes\BI_PSPB_FeedUsernameCtrl.cls","132","25","ApexCRUDViolation","Validate CRUD permission before SOQL/DML operation or enforce user mode","https://docs.pmd-code.org/pmd-doc-7.1.0/pmd_rules_apex_security.html#apexcrudviolation","Security","pmd"
"16","3","C:\Users\CVHS\SF_Projects\SonarCode\SonarCode\force-app\main\default\classes\BI_PSPB_FollowUserCtrl.cls","34","49","ApexCRUDViolation","Validate CRUD permission before SOQL/DML operation or enforce user mode","https://docs.pmd-code.org/pmd-doc-7.1.0/pmd_rules_apex_security.html#apexcrudviolation","Security","pmd"
"17","3","C:\Users\CVHS\SF_Projects\SonarCode\SonarCode\force-app\main\default\classes\BI_PSPB_FollowUserCtrl.cls","112","17","ApexCRUDViolation","Validate CRUD permission before SOQL/DML operation or enforce user mode","https://docs.pmd-code.org/pmd-doc-7.1.0/pmd_rules_apex_security.html#apexcrudviolation","Security","pmd"
"18","3","C:\Users\CVHS\SF_Projects\SonarCode\SonarCode\force-app\main\default\classes\BI_PSPB_FollowUserCtrl.cls","164","38","ApexCRUDViolation","Validate CRUD permission before SOQL/DML operation or enforce user mode","https://docs.pmd-code.org/pmd-doc-7.1.0/pmd_rules_apex_security.html#apexcrudviolation","Security","pmd"
"19","3","C:\Users\CVHS\SF_Projects\SonarCode\SonarCode\force-app\main\default\classes\BI_PSPB_FollowUserCtrl.cls","173","39","ApexCRUDViolation","Validate CRUD permission before SOQL/DML operation or enforce user mode","https://docs.pmd-code.org/pmd-doc-7.1.0/pmd_rules_apex_security.html#apexcrudviolation","Security","pmd"
"20","3","C:\Users\CVHS\SF_Projects\SonarCode\SonarCode\force-app\main\default\classes\BI_PSPB_GoogleCalendarCtrl.cls","67","20","ExcessiveParameterList","Avoid long parameter lists.","https://docs.pmd-code.org/pmd-doc-7.1.0/pmd_rules_apex_design.html#excessiveparameterlist","Design","pmd"
"21","3","C:\Users\CVHS\SF_Projects\SonarCode\SonarCode\force-app\main\default\classes\BI_PSPB_GoogleCalendarCtrl.cls","78","20","ExcessiveParameterList","Avoid long parameter lists.","https://docs.pmd-code.org/pmd-doc-7.1.0/pmd_rules_apex_design.html#excessiveparameterlist","Design","pmd"
"22","3","C:\Users\CVHS\SF_Projects\SonarCode\SonarCode\force-app\main\default\classes\BI_PSPB_LogUtilities.cls","9","8","ApexDoc","Missing ApexDoc comment","https://docs.pmd-code.org/pmd-doc-7.1.0/pmd_rules_apex_documentation.html#apexdoc","Documentation","pmd"
"23","3","C:\Users\CVHS\SF_Projects\SonarCode\SonarCode\force-app\main\default\classes\BI_PSPB_LogUtilities.cls","28","21","ApexDoc","Missing ApexDoc comment","https://docs.pmd-code.org/pmd-doc-7.1.0/pmd_rules_apex_documentation.html#apexdoc","Documentation","pmd"
"24","3","C:\Users\CVHS\SF_Projects\SonarCode\SonarCode\force-app\main\default\classes\BI_PSPB_LogUtilities.cls","40","21","ApexDoc","Missing ApexDoc comment","https://docs.pmd-code.org/pmd-doc-7.1.0/pmd_rules_apex_documentation.html#apexdoc","Documentation","pmd"
"25","3","C:\Users\CVHS\SF_Projects\SonarCode\SonarCode\force-app\main\default\classes\BI_PSPB_LogUtilities.cls","55","20","ApexDoc","Missing ApexDoc comment","https://docs.pmd-code.org/pmd-doc-7.1.0/pmd_rules_apex_documentation.html#apexdoc","Documentation","pmd"
"26","3","C:\Users\CVHS\SF_Projects\SonarCode\SonarCode\force-app\main\default\classes\BI_PSPB_MessageCenterCtrl.cls","113","17","ExcessiveParameterList","Avoid long parameter lists.","https://docs.pmd-code.org/pmd-doc-7.1.0/pmd_rules_apex_design.html#excessiveparameterlist","Design","pmd"
"27","3","C:\Users\CVHS\SF_Projects\SonarCode\SonarCode\force-app\main\default\classes\BI_PSPB_OutlookReminderCalendarCtrl.cls","70","20","ExcessiveParameterList","Avoid long parameter lists.","https://docs.pmd-code.org/pmd-doc-7.1.0/pmd_rules_apex_design.html#excessiveparameterlist","Design","pmd"
"28","3","C:\Users\CVHS\SF_Projects\SonarCode\SonarCode\force-app\main\default\classes\BI_PSPB_OutlookReminderCalendarCtrl.cls","80","20","ExcessiveParameterList","Avoid long parameter lists.","https://docs.pmd-code.org/pmd-doc-7.1.0/pmd_rules_apex_design.html#excessiveparameterlist","Design","pmd"
"29","3","C:\Users\CVHS\SF_Projects\SonarCode\SonarCode\force-app\main\default\classes\BI_PSPB_PersonalizationConstantCtrl.cls","1","21","ApexDoc","Missing ApexDoc comment","https://docs.pmd-code.org/pmd-doc-7.1.0/pmd_rules_apex_documentation.html#apexdoc","Documentation","pmd"
"30","3","C:\Users\CVHS\SF_Projects\SonarCode\SonarCode\force-app\main\default\classes\BI_PSPB_PersonalizationConstantCtrl.cls","1","21","TooManyFields","Too many fields","https://docs.pmd-code.org/pmd-doc-7.1.0/pmd_rules_apex_design.html#toomanyfields","Design","pmd"
"31","3","C:\Users\CVHS\SF_Projects\SonarCode\SonarCode\force-app\main\default\classes\BI_PSPB_PersonalizedArticlesCtrl.cls","9","21","ApexDoc","Missing ApexDoc comment","https://docs.pmd-code.org/pmd-doc-7.1.0/pmd_rules_apex_documentation.html#apexdoc","Documentation","pmd"
"32","3","C:\Users\CVHS\SF_Projects\SonarCode\SonarCode\force-app\main\default\classes\BI_PSPB_PersonalizedArticlesCtrl.cls","15","16","ApexDoc","Missing ApexDoc comment","https://docs.pmd-code.org/pmd-doc-7.1.0/pmd_rules_apex_documentation.html#apexdoc","Documentation","pmd"
"33","3","C:\Users\CVHS\SF_Projects\SonarCode\SonarCode\force-app\main\default\classes\BI_PSPB_PersonalizedArticlesCtrl.cls","25","59","ApexCRUDViolation","Validate CRUD permission before SOQL/DML operation or enforce user mode","https://docs.pmd-code.org/pmd-doc-7.1.0/pmd_rules_apex_security.html#apexcrudviolation","Security","pmd"
"34","3","C:\Users\CVHS\SF_Projects\SonarCode\SonarCode\force-app\main\default\classes\BI_PSPB_PersonalizedArticlesCtrl.cls","37","59","ApexCRUDViolation","Validate CRUD permission before SOQL/DML operation or enforce user mode","https://docs.pmd-code.org/pmd-doc-7.1.0/pmd_rules_apex_security.html#apexcrudviolation","Security","pmd"
"35","3","C:\Users\CVHS\SF_Projects\SonarCode\SonarCode\force-app\main\default\classes\BI_PSPB_PersonalizedMessagesCtrl.cls","13","21","ApexDoc","Missing ApexDoc comment","https://docs.pmd-code.org/pmd-doc-7.1.0/pmd_rules_apex_documentation.html#apexdoc","Documentation","pmd"
"36","3","C:\Users\CVHS\SF_Projects\SonarCode\SonarCode\force-app\main\default\classes\BI_PSPB_PersonalizedMessagesCtrl.cls","22","16","ApexDoc","Missing ApexDoc comment","https://docs.pmd-code.org/pmd-doc-7.1.0/pmd_rules_apex_documentation.html#apexdoc","Documentation","pmd"
"37","3","C:\Users\CVHS\SF_Projects\SonarCode\SonarCode\force-app\main\default\classes\BI_PSPB_PersonalizedMessagesCtrl.cls","61","16","ApexDoc","Missing ApexDoc comment","https://docs.pmd-code.org/pmd-doc-7.1.0/pmd_rules_apex_documentation.html#apexdoc","Documentation","pmd"
"38","3","C:\Users\CVHS\SF_Projects\SonarCode\SonarCode\force-app\main\default\classes\BI_PSPB_PersonalizedMessagesCtrl.cls","75","60","ApexCRUDViolation","Validate CRUD permission before SOQL/DML operation or enforce user mode","https://docs.pmd-code.org/pmd-doc-7.1.0/pmd_rules_apex_security.html#apexcrudviolation","Security","pmd"
"39","3","C:\Users\CVHS\SF_Projects\SonarCode\SonarCode\force-app\main\default\classes\BI_PSPB_SymptomPrimaryPageCtrl.cls","33","30","ApexCRUDViolation","Validate CRUD permission before SOQL/DML operation or enforce user mode","https://docs.pmd-code.org/pmd-doc-7.1.0/pmd_rules_apex_security.html#apexcrudviolation","Security","pmd"
"40","3","C:\Users\CVHS\SF_Projects\SonarCode\SonarCode\force-app\main\default\classes\BI_PSPB_SymptomPrimaryPageCtrl.cls","81","37","ApexCRUDViolation","Validate CRUD permission before SOQL/DML operation or enforce user mode","https://docs.pmd-code.org/pmd-doc-7.1.0/pmd_rules_apex_security.html#apexcrudviolation","Security","pmd"
"41","3","C:\Users\CVHS\SF_Projects\SonarCode\SonarCode\force-app\main\default\classes\BI_PSPB_SymptomPrimaryPageCtrl.cls","125","51","ApexCRUDViolation","Validate CRUD permission before SOQL/DML operation or enforce user mode","https://docs.pmd-code.org/pmd-doc-7.1.0/pmd_rules_apex_security.html#apexcrudviolation","Security","pmd"
"42","3","C:\Users\CVHS\SF_Projects\SonarCode\SonarCode\force-app\main\default\classes\BI_PSPB_SymptomPrimaryPageCtrl.cls","139","50","ApexCRUDViolation","Validate CRUD permission before SOQL/DML operation or enforce user mode","https://docs.pmd-code.org/pmd-doc-7.1.0/pmd_rules_apex_security.html#apexcrudviolation","Security","pmd"
"43","3","C:\Users\CVHS\SF_Projects\SonarCode\SonarCode\force-app\main\default\classes\BI_PSPB_SymptomPrimaryPageCtrl.cls","184","65","ApexCRUDViolation","Validate CRUD permission before SOQL/DML operation or enforce user mode","https://docs.pmd-code.org/pmd-doc-7.1.0/pmd_rules_apex_security.html#apexcrudviolation","Security","pmd"
"44","3","C:\Users\CVHS\SF_Projects\SonarCode\SonarCode\force-app\main\default\classes\BI_PSPB_SymptomPrimaryPageCtrl.cls","237","57","ApexCRUDViolation","Validate CRUD permission before SOQL/DML operation or enforce user mode","https://docs.pmd-code.org/pmd-doc-7.1.0/pmd_rules_apex_security.html#apexcrudviolation","Security","pmd"
"45","3","C:\Users\CVHS\SF_Projects\SonarCode\SonarCode\force-app\main\default\classes\BI_PSPB_TaskCreationCtrl.cls","1","21","ApexDoc","Missing ApexDoc comment","https://docs.pmd-code.org/pmd-doc-7.1.0/pmd_rules_apex_documentation.html#apexdoc","Documentation","pmd"
"46","3","C:\Users\CVHS\SF_Projects\SonarCode\SonarCode\force-app\main\default\classes\BI_PSPB_TreatmentCtrl.cls","184","20","ExcessiveParameterList","Avoid long parameter lists.","https://docs.pmd-code.org/pmd-doc-7.1.0/pmd_rules_apex_design.html#excessiveparameterlist","Design","pmd"
"47","3","C:\Users\CVHS\SF_Projects\SonarCode\SonarCode\force-app\main\default\classes\BI_PSPB_TreatmentVideoCtrl.cls","26","16","ApexDoc","Missing ApexDoc comment","https://docs.pmd-code.org/pmd-doc-7.1.0/pmd_rules_apex_documentation.html#apexdoc","Documentation","pmd"
"48","3","C:\Users\CVHS\SF_Projects\SonarCode\SonarCode\force-app\main\default\classes\BI_PSPB_TreatmentVideoCtrl.cls","58","16","ApexDoc","Missing ApexDoc comment","https://docs.pmd-code.org/pmd-doc-7.1.0/pmd_rules_apex_documentation.html#apexdoc","Documentation","pmd"
"49","3","C:\Users\CVHS\SF_Projects\SonarCode\SonarCode\force-app\main\default\classes\BI_PSP_ChallengeConstantCtrl.cls","1","24","ApexDoc","Missing ApexDoc comment","https://docs.pmd-code.org/pmd-doc-7.1.0/pmd_rules_apex_documentation.html#apexdoc","Documentation","pmd"
"50","3","C:\Users\CVHS\SF_Projects\SonarCode\SonarCode\force-app\main\default\classes\BI_PSP_ChallengeConstantCtrl.cls","1","24","TooManyFields","Too many fields","https://docs.pmd-code.org/pmd-doc-7.1.0/pmd_rules_apex_design.html#toomanyfields","Design","pmd"
"51","3","C:\Users\CVHS\SF_Projects\SonarCode\SonarCode\force-app\main\default\classes\BI_PSP_ChallengeCtrl.cls","12","24","CognitiveComplexity","The class 'BI_PSP_ChallengeCtrl' has a total cognitive complexity of 67 (highest 7), current threshold is 50","https://docs.pmd-code.org/pmd-doc-7.1.0/pmd_rules_apex_design.html#cognitivecomplexity","Design","pmd"
"52","3","C:\Users\CVHS\SF_Projects\SonarCode\SonarCode\force-app\main\default\classes\BI_PSP_ChallengeCtrl.cls","12","24","CyclomaticComplexity","The class 'BI_PSP_ChallengeCtrl' has a total cyclomatic complexity of 80 (highest 7).","https://docs.pmd-code.org/pmd-doc-7.1.0/pmd_rules_apex_design.html#cyclomaticcomplexity","Design","pmd"
"53","3","C:\Users\CVHS\SF_Projects\SonarCode\SonarCode\force-app\main\default\classes\BI_PSP_ChallengeCtrl.cls","255","16","ExcessiveParameterList","Avoid long parameter lists.","https://docs.pmd-code.org/pmd-doc-7.1.0/pmd_rules_apex_design.html#excessiveparameterlist","Design","pmd"
"54","3","C:\Users\CVHS\SF_Projects\SonarCode\SonarCode\force-app\main\default\classes\BI_PSP_ChallengeCtrl.cls","300","16","ExcessiveParameterList","Avoid long parameter lists.","https://docs.pmd-code.org/pmd-doc-7.1.0/pmd_rules_apex_design.html#excessiveparameterlist","Design","pmd"
"55","3","C:\Users\CVHS\SF_Projects\SonarCode\SonarCode\force-app\main\default\classes\BI_PSP_ChallengeCtrl.cls","317","16","ExcessiveParameterList","Avoid long parameter lists.","https://docs.pmd-code.org/pmd-doc-7.1.0/pmd_rules_apex_design.html#excessiveparameterlist","Design","pmd"
"56","3","C:\Users\CVHS\SF_Projects\SonarCode\SonarCode\force-app\main\default\classes\BI_PSP_ChallengeCtrl.cls","348","16","ExcessiveParameterList","Avoid long parameter lists.","https://docs.pmd-code.org/pmd-doc-7.1.0/pmd_rules_apex_design.html#excessiveparameterlist","Design","pmd"
"57","3","C:\Users\CVHS\SF_Projects\SonarCode\SonarCode\force-app\main\default\classes\BI_PSP_ChallengeCtrl.cls","375","16","ExcessiveParameterList","Avoid long parameter lists.","https://docs.pmd-code.org/pmd-doc-7.1.0/pmd_rules_apex_design.html#excessiveparameterlist","Design","pmd"
"58","3","C:\Users\CVHS\SF_Projects\SonarCode\SonarCode\force-app\main\default\classes\BI_PSP_ChallengeCtrl.cls","401","16","ExcessiveParameterList","Avoid long parameter lists.","https://docs.pmd-code.org/pmd-doc-7.1.0/pmd_rules_apex_design.html#excessiveparameterlist","Design","pmd"
"59","3","C:\Users\CVHS\SF_Projects\SonarCode\SonarCode\force-app\main\default\classes\BI_PSP_ChallengeEnrolleCtrl.cls","21","15","ApexDoc","Missing ApexDoc comment","https://docs.pmd-code.org/pmd-doc-7.1.0/pmd_rules_apex_documentation.html#apexdoc","Documentation","pmd"
"60","3","C:\Users\CVHS\SF_Projects\SonarCode\SonarCode\force-app\main\default\classes\BI_PSP_ChallengeEnrolleCtrl.cls","60","16","ExcessiveParameterList","Avoid long parameter lists.","https://docs.pmd-code.org/pmd-doc-7.1.0/pmd_rules_apex_design.html#excessiveparameterlist","Design","pmd"
"61","3","C:\Users\CVHS\SF_Projects\SonarCode\SonarCode\force-app\main\default\classes\BI_PSP_ChallengeEnrolleCtrl.cls","98","16","ExcessiveParameterList","Avoid long parameter lists.","https://docs.pmd-code.org/pmd-doc-7.1.0/pmd_rules_apex_design.html#excessiveparameterlist","Design","pmd"
"62","3","C:\Users\CVHS\SF_Projects\SonarCode\SonarCode\force-app\main\default\classes\BI_PSP_ChallengeEnrolleCtrl.cls","143","8","ApexDoc","Missing ApexDoc comment","https://docs.pmd-code.org/pmd-doc-7.1.0/pmd_rules_apex_documentation.html#apexdoc","Documentation","pmd"
"63","3","C:\Users\CVHS\SF_Projects\SonarCode\SonarCode\force-app\main\default\classes\BI_PSP_CommonQueryUtility.cls","1","26","ApexDoc","Missing ApexDoc comment","https://docs.pmd-code.org/pmd-doc-7.1.0/pmd_rules_apex_documentation.html#apexdoc","Documentation","pmd"
"64","3","C:\Users\CVHS\SF_Projects\SonarCode\SonarCode\force-app\main\default\classes\BI_PSP_CommonQueryUtility.cls","3","19","ExcessiveParameterList","Avoid long parameter lists.","https://docs.pmd-code.org/pmd-doc-7.1.0/pmd_rules_apex_design.html#excessiveparameterlist","Design","pmd"
"65","3","C:\Users\CVHS\SF_Projects\SonarCode\SonarCode\force-app\main\default\classes\BI_PSP_CommonQueryUtility.cls","3","19","ApexDoc","Missing ApexDoc comment","https://docs.pmd-code.org/pmd-doc-7.1.0/pmd_rules_apex_documentation.html#apexdoc","Documentation","pmd"
"66","3","C:\Users\CVHS\SF_Projects\SonarCode\SonarCode\force-app\main\default\classes\BI_PSP_CommonQueryUtility.cls","17","9","AvoidDebugStatements","Avoid debug statements since they impact on performance","https://docs.pmd-code.org/pmd-doc-7.1.0/pmd_rules_apex_performance.html#avoiddebugstatements","Performance","pmd"
"67","3","C:\Users\CVHS\SF_Projects\SonarCode\SonarCode\force-app\main\default\classes\BI_PSP_CommonQueryUtility.cls","17","9","DebugsShouldUseLoggingLevel","Calls to System.debug should specify a logging level.","https://docs.pmd-code.org/pmd-doc-7.1.0/pmd_rules_apex_bestpractices.html#debugsshoulduselogginglevel","Best Practices","pmd"
"68","3","C:\Users\CVHS\SF_Projects\SonarCode\SonarCode\force-app\main\default\classes\BI_PSP_CommonQueryUtility.cls","20","31","ApexSOQLInjection","Avoid untrusted/unescaped variables in DML query","https://docs.pmd-code.org/pmd-doc-7.1.0/pmd_rules_apex_security.html#apexsoqlinjection","Security","pmd"
"69","3","C:\Users\CVHS\SF_Projects\SonarCode\SonarCode\force-app\main\default\classes\BI_PSP_CommonQueryUtility.cls","29","19","ApexDoc","Missing ApexDoc comment","https://docs.pmd-code.org/pmd-doc-7.1.0/pmd_rules_apex_documentation.html#apexdoc","Documentation","pmd"
"70","3","C:\Users\CVHS\SF_Projects\SonarCode\SonarCode\force-app\main\default\classes\BI_PSP_CurrentUser.cls","8","1","ApexSharingViolations","Apex classes should declare a sharing model if DML or SOQL/SOSL is used","https://docs.pmd-code.org/pmd-doc-7.1.0/pmd_rules_apex_security.html#apexsharingviolations","Security","pmd"
"71","3","C:\Users\CVHS\SF_Projects\SonarCode\SonarCode\force-app\main\default\classes\BI_PSP_CurrentUser.cls","8","8","ApexDoc","Missing ApexDoc comment","https://docs.pmd-code.org/pmd-doc-7.1.0/pmd_rules_apex_documentation.html#apexdoc","Documentation","pmd"
"72","3","C:\Users\CVHS\SF_Projects\SonarCode\SonarCode\force-app\main\default\classes\BI_PSP_CurrentUser.cls","16","19","ApexDoc","Missing ApexDoc comment","https://docs.pmd-code.org/pmd-doc-7.1.0/pmd_rules_apex_documentation.html#apexdoc","Documentation","pmd"
"73","3","C:\Users\CVHS\SF_Projects\SonarCode\SonarCode\force-app\main\default\classes\BI_PSP_CurrentUser.cls","27","19","ApexDoc","Missing ApexDoc comment","https://docs.pmd-code.org/pmd-doc-7.1.0/pmd_rules_apex_documentation.html#apexdoc","Documentation","pmd"
"74","3","C:\Users\CVHS\SF_Projects\SonarCode\SonarCode\force-app\main\default\classes\BI_PSP_CurrentUser.cls","102","19","ApexDoc","Missing ApexDoc comment","https://docs.pmd-code.org/pmd-doc-7.1.0/pmd_rules_apex_documentation.html#apexdoc","Documentation","pmd"
"75","3","C:\Users\CVHS\SF_Projects\SonarCode\SonarCode\force-app\main\default\classes\BI_PSP_CurrentUser.cls","107","25","ApexCRUDViolation","Validate CRUD permission before SOQL/DML operation or enforce user mode","https://docs.pmd-code.org/pmd-doc-7.1.0/pmd_rules_apex_security.html#apexcrudviolation","Security","pmd"
"76","3","C:\Users\CVHS\SF_Projects\SonarCode\SonarCode\force-app\main\default\classes\BI_PSP_DatabaseOperationsUtility.cls","8","1","ApexSharingViolations","Apex classes should declare a sharing model if DML or SOQL/SOSL is used","https://docs.pmd-code.org/pmd-doc-7.1.0/pmd_rules_apex_security.html#apexsharingviolations","Security","pmd"
"77","3","C:\Users\CVHS\SF_Projects\SonarCode\SonarCode\force-app\main\default\classes\BI_PSP_DatabaseOperationsUtility.cls","8","8","ApexDoc","Missing ApexDoc comment","https://docs.pmd-code.org/pmd-doc-7.1.0/pmd_rules_apex_documentation.html#apexdoc","Documentation","pmd"
"78","3","C:\Users\CVHS\SF_Projects\SonarCode\SonarCode\force-app\main\default\classes\BI_PSP_DatabaseOperationsUtility.cls","20","19","ApexDoc","Missing ApexDoc @description","https://docs.pmd-code.org/pmd-doc-7.1.0/pmd_rules_apex_documentation.html#apexdoc","Documentation","pmd"
"79","3","C:\Users\CVHS\SF_Projects\SonarCode\SonarCode\force-app\main\default\classes\BI_PSP_DatabaseOperationsUtility.cls","20","19","ApexDoc","Missing or mismatched ApexDoc @param","https://docs.pmd-code.org/pmd-doc-7.1.0/pmd_rules_apex_documentation.html#apexdoc","Documentation","pmd"
"80","5","C:\Users\CVHS\SF_Projects\SonarCode\SonarCode\force-app\main\default\classes\BI_PSP_DatabaseOperationsUtility.cls","33","16","UnusedLocalVariable","Variable 'errorMsg' defined but not used","https://docs.pmd-code.org/pmd-doc-7.1.0/pmd_rules_apex_bestpractices.html#unusedlocalvariable","Best Practices","pmd"
"81","3","C:\Users\CVHS\SF_Projects\SonarCode\SonarCode\force-app\main\default\classes\BI_PSP_DatabaseOperationsUtility.cls","54","19","ApexDoc","Missing ApexDoc @description","https://docs.pmd-code.org/pmd-doc-7.1.0/pmd_rules_apex_documentation.html#apexdoc","Documentation","pmd"
"82","3","C:\Users\CVHS\SF_Projects\SonarCode\SonarCode\force-app\main\default\classes\BI_PSP_DatabaseOperationsUtility.cls","79","19","ApexDoc","Missing ApexDoc @description","https://docs.pmd-code.org/pmd-doc-7.1.0/pmd_rules_apex_documentation.html#apexdoc","Documentation","pmd"
"83","3","C:\Users\CVHS\SF_Projects\SonarCode\SonarCode\force-app\main\default\classes\BI_PSP_DatabaseOperationsUtility.cls","79","19","ApexDoc","Missing or mismatched ApexDoc @param","https://docs.pmd-code.org/pmd-doc-7.1.0/pmd_rules_apex_documentation.html#apexdoc","Documentation","pmd"
"84","3","C:\Users\CVHS\SF_Projects\SonarCode\SonarCode\force-app\main\default\classes\BI_PSP_IndividualChallengesCtrl.cls","23","19","ApexDoc","Missing ApexDoc comment","https://docs.pmd-code.org/pmd-doc-7.1.0/pmd_rules_apex_documentation.html#apexdoc","Documentation","pmd"
"85","3","C:\Users\CVHS\SF_Projects\SonarCode\SonarCode\force-app\main\default\classes\BI_PSP_IndividualChallengesCtrl.cls","52","19","ApexDoc","Missing ApexDoc comment","https://docs.pmd-code.org/pmd-doc-7.1.0/pmd_rules_apex_documentation.html#apexdoc","Documentation","pmd"
"86","3","C:\Users\CVHS\SF_Projects\SonarCode\SonarCode\force-app\main\default\classes\BI_PSP_LastActiveChallengesCtrl.cls","21","19","ApexDoc","Missing ApexDoc comment","https://docs.pmd-code.org/pmd-doc-7.1.0/pmd_rules_apex_documentation.html#apexdoc","Documentation","pmd"
"87","3","C:\Users\CVHS\SF_Projects\SonarCode\SonarCode\force-app\main\default\classes\BI_PSP_LetsPersonliseCtrl.cls","12","21","ApexDoc","Missing ApexDoc comment","https://docs.pmd-code.org/pmd-doc-7.1.0/pmd_rules_apex_documentation.html#apexdoc","Documentation","pmd"
"88","3","C:\Users\CVHS\SF_Projects\SonarCode\SonarCode\force-app\main\default\classes\BI_PSP_LetsPersonliseCtrl.cls","12","21","CyclomaticComplexity","The class 'BI_PSP_LetsPersonliseCtrl' has a total cyclomatic complexity of 48 (highest 7).","https://docs.pmd-code.org/pmd-doc-7.1.0/pmd_rules_apex_design.html#cyclomaticcomplexity","Design","pmd"
"89","3","C:\Users\CVHS\SF_Projects\SonarCode\SonarCode\force-app\main\default\classes\BI_PSP_LetsPersonliseCtrl.cls","43","15","ApexDoc","Missing ApexDoc comment","https://docs.pmd-code.org/pmd-doc-7.1.0/pmd_rules_apex_documentation.html#apexdoc","Documentation","pmd"
"90","3","C:\Users\CVHS\SF_Projects\SonarCode\SonarCode\force-app\main\default\classes\BI_PSP_LetsPersonliseCtrl.cls","119","15","ExcessiveParameterList","Avoid long parameter lists.","https://docs.pmd-code.org/pmd-doc-7.1.0/pmd_rules_apex_design.html#excessiveparameterlist","Design","pmd"
"91","3","C:\Users\CVHS\SF_Projects\SonarCode\SonarCode\force-app\main\default\classes\BI_PSP_LetsPersonliseCtrl.cls","119","15","ApexDoc","Missing ApexDoc comment","https://docs.pmd-code.org/pmd-doc-7.1.0/pmd_rules_apex_documentation.html#apexdoc","Documentation","pmd"
"92","3","C:\Users\CVHS\SF_Projects\SonarCode\SonarCode\force-app\main\default\classes\BI_PSP_LetsPersonliseCtrl.cls","205","16","ExcessiveParameterList","Avoid long parameter lists.","https://docs.pmd-code.org/pmd-doc-7.1.0/pmd_rules_apex_design.html#excessiveparameterlist","Design","pmd"
"93","3","C:\Users\CVHS\SF_Projects\SonarCode\SonarCode\force-app\main\default\classes\BI_PSP_LetsPersonliseCtrl.cls","220","16","ExcessiveParameterList","Avoid long parameter lists.","https://docs.pmd-code.org/pmd-doc-7.1.0/pmd_rules_apex_design.html#excessiveparameterlist","Design","pmd"
"94","3","C:\Users\CVHS\SF_Projects\SonarCode\SonarCode\force-app\main\default\classes\BI_PSP_LetsPersonliseCtrl.cls","324","19","ExcessiveParameterList","Avoid long parameter lists.","https://docs.pmd-code.org/pmd-doc-7.1.0/pmd_rules_apex_design.html#excessiveparameterlist","Design","pmd"
"95","3","C:\Users\CVHS\SF_Projects\SonarCode\SonarCode\force-app\main\default\classes\BI_PSP_LetsPersonliseCtrl.cls","324","19","ApexDoc","Missing ApexDoc comment","https://docs.pmd-code.org/pmd-doc-7.1.0/pmd_rules_apex_documentation.html#apexdoc","Documentation","pmd"
"96","3","C:\Users\CVHS\SF_Projects\SonarCode\SonarCode\force-app\main\default\classes\BI_PSP_LetsPersonliseCtrl.cls","416","19","ApexDoc","Missing ApexDoc comment","https://docs.pmd-code.org/pmd-doc-7.1.0/pmd_rules_apex_documentation.html#apexdoc","Documentation","pmd"
"97","3","C:\Users\CVHS\SF_Projects\SonarCode\SonarCode\force-app\main\default\classes\BI_PSP_RandomChallengesCtrl.cls","22","19","ApexDoc","Missing ApexDoc comment","https://docs.pmd-code.org/pmd-doc-7.1.0/pmd_rules_apex_documentation.html#apexdoc","Documentation","pmd"
"98","3","C:\Users\CVHS\SF_Projects\SonarCode\SonarCode\force-app\main\default\classes\BI_PSP_RandomChallengesCtrl.cls","100","20","ExcessiveParameterList","Avoid long parameter lists.","https://docs.pmd-code.org/pmd-doc-7.1.0/pmd_rules_apex_design.html#excessiveparameterlist","Design","pmd"
"99","3","C:\Users\CVHS\SF_Projects\SonarCode\SonarCode\force-app\main\default\classes\BI_PSP_RandomChallengesCtrl.cls","119","12","ApexDoc","Missing ApexDoc comment","https://docs.pmd-code.org/pmd-doc-7.1.0/pmd_rules_apex_documentation.html#apexdoc","Documentation","pmd"
"100","3","C:\Users\CVHS\SF_Projects\SonarCode\SonarCode\force-app\main\default\classes\BI_PSP_SymptomTrackerContantCtrl.cls","1","24","ApexDoc","Missing ApexDoc comment","https://docs.pmd-code.org/pmd-doc-7.1.0/pmd_rules_apex_documentation.html#apexdoc","Documentation","pmd"
"101","3","C:\Users\CVHS\SF_Projects\SonarCode\SonarCode\force-app\main\default\classes\BI_PSP_SymptomTrackerContantCtrl.cls","1","24","TooManyFields","Too many fields","https://docs.pmd-code.org/pmd-doc-7.1.0/pmd_rules_apex_design.html#toomanyfields","Design","pmd"
"102","3","C:\Users\CVHS\SF_Projects\SonarCode\SonarCode\force-app\main\default\classes\BI_PSP_SymptomTrackerContantCtrl.cls","99","58","ApexCRUDViolation","Validate CRUD permission before SOQL/DML operation or enforce user mode","https://docs.pmd-code.org/pmd-doc-7.1.0/pmd_rules_apex_security.html#apexcrudviolation","Security","pmd"
"103","3","C:\Users\CVHS\SF_Projects\SonarCode\SonarCode\force-app\main\default\classes\BI_PSP_SymptomTrackerContantCtrl.cls","217","9","ApexCRUDViolation","Validate CRUD permission before SOQL/DML operation or enforce user mode","https://docs.pmd-code.org/pmd-doc-7.1.0/pmd_rules_apex_security.html#apexcrudviolation","Security","pmd"
"104","3","C:\Users\CVHS\SF_Projects\SonarCode\SonarCode\force-app\main\default\classes\BI_PSP_SymptomTrackerContantCtrl.cls","262","51","ApexCRUDViolation","Validate CRUD permission before SOQL/DML operation or enforce user mode","https://docs.pmd-code.org/pmd-doc-7.1.0/pmd_rules_apex_security.html#apexcrudviolation","Security","pmd"
"105","3","C:\Users\CVHS\SF_Projects\SonarCode\SonarCode\force-app\main\default\classes\BI_PSP_SymptomTrackerContantCtrl.cls","305","44","ApexCRUDViolation","Validate CRUD permission before SOQL/DML operation or enforce user mode","https://docs.pmd-code.org/pmd-doc-7.1.0/pmd_rules_apex_security.html#apexcrudviolation","Security","pmd"
"106","3","C:\Users\CVHS\SF_Projects\SonarCode\SonarCode\force-app\main\default\classes\BI_PSP_SymptomTrackerContantCtrl.cls","367","21","ApexCRUDViolation","Validate CRUD permission before SOQL/DML operation or enforce user mode","https://docs.pmd-code.org/pmd-doc-7.1.0/pmd_rules_apex_security.html#apexcrudviolation","Security","pmd"
"107","3","C:\Users\CVHS\SF_Projects\SonarCode\SonarCode\force-app\main\default\classes\BI_PSP_SymptomTrackerCtrl.cls","33","89","ApexCRUDViolation","Validate CRUD permission before SOQL/DML operation or enforce user mode","https://docs.pmd-code.org/pmd-doc-7.1.0/pmd_rules_apex_security.html#apexcrudviolation","Security","pmd"
"108","3","C:\Users\CVHS\SF_Projects\SonarCode\SonarCode\force-app\main\default\classes\BI_PSP_SymptomTrackerhelperCtrl.cls","8","22","CyclomaticComplexity","The class 'BI_PSP_SymptomTrackerhelperCtrl' has a total cyclomatic complexity of 41 (highest 8).","https://docs.pmd-code.org/pmd-doc-7.1.0/pmd_rules_apex_design.html#cyclomaticcomplexity","Design","pmd"
"109","3","C:\Users\CVHS\SF_Projects\SonarCode\SonarCode\force-app\main\default\classes\BI_PSP_SymptomTrackerhelperCtrl.cls","28","51","ApexCRUDViolation","Validate CRUD permission before SOQL/DML operation or enforce user mode","https://docs.pmd-code.org/pmd-doc-7.1.0/pmd_rules_apex_security.html#apexcrudviolation","Security","pmd"
"110","3","C:\Users\CVHS\SF_Projects\SonarCode\SonarCode\force-app\main\default\classes\BI_PSP_SymptomTrackerhelperCtrl.cls","79","59","ApexCRUDViolation","Validate CRUD permission before SOQL/DML operation or enforce user mode","https://docs.pmd-code.org/pmd-doc-7.1.0/pmd_rules_apex_security.html#apexcrudviolation","Security","pmd"
"111","3","C:\Users\CVHS\SF_Projects\SonarCode\SonarCode\force-app\main\default\classes\BI_PSP_SymptomTrackerhelperCtrl.cls","144","46","ApexCRUDViolation","Validate CRUD permission before SOQL/DML operation or enforce user mode","https://docs.pmd-code.org/pmd-doc-7.1.0/pmd_rules_apex_security.html#apexcrudviolation","Security","pmd"
"112","3","C:\Users\CVHS\SF_Projects\SonarCode\SonarCode\force-app\main\default\classes\BI_PSP_SymptomTrackerhelperCtrl.cls","162","60","ApexCRUDViolation","Validate CRUD permission before SOQL/DML operation or enforce user mode","https://docs.pmd-code.org/pmd-doc-7.1.0/pmd_rules_apex_security.html#apexcrudviolation","Security","pmd"
"113","3","C:\Users\CVHS\SF_Projects\SonarCode\SonarCode\force-app\main\default\classes\BI_PSP_SymptomTrackerhelperCtrl.cls","194","75","ApexCRUDViolation","Validate CRUD permission before SOQL/DML operation or enforce user mode","https://docs.pmd-code.org/pmd-doc-7.1.0/pmd_rules_apex_security.html#apexcrudviolation","Security","pmd"
"114","3","C:\Users\CVHS\SF_Projects\SonarCode\SonarCode\force-app\main\default\classes\BI_PSP_SymptomTrackerhelperCtrl.cls","214","19","ExcessiveParameterList","Avoid long parameter lists.","https://docs.pmd-code.org/pmd-doc-7.1.0/pmd_rules_apex_design.html#excessiveparameterlist","Design","pmd"
"115","3","C:\Users\CVHS\SF_Projects\SonarCode\SonarCode\force-app\main\default\classes\BI_PSP_SymptomTrackerhelperCtrl.cls","246","52","ApexCRUDViolation","Validate CRUD permission before SOQL/DML operation or enforce user mode","https://docs.pmd-code.org/pmd-doc-7.1.0/pmd_rules_apex_security.html#apexcrudviolation","Security","pmd"
"116","2","C:\Users\CVHS\SF_Projects\SonarCode\SonarCode\force-app\main\default\lwc\biPspbActiveChallenges\biPspbActiveChallenges.js","141","20","no-undef","'consoleErrorMessage' is not defined.","https://eslint.org/docs/latest/rules/no-undef","problem","eslint"
"117","2","C:\Users\CVHS\SF_Projects\SonarCode\SonarCode\force-app\main\default\lwc\biPspbActiveChallenges\biPspbActiveChallenges.js","148","19","no-undef","'consoleErrorMessage' is not defined.","https://eslint.org/docs/latest/rules/no-undef","problem","eslint"
"118","2","C:\Users\CVHS\SF_Projects\SonarCode\SonarCode\force-app\main\default\lwc\biPspbAllPost\biPspbAllPost.js","599","7","no-undef","'TOTAL_THUMBSUP' is not defined.","https://eslint.org/docs/latest/rules/no-undef","problem","eslint"
"119","2","C:\Users\CVHS\SF_Projects\SonarCode\SonarCode\force-app\main\default\lwc\biPspbAllPost\biPspbAllPost.js","645","7","no-undef","'TOTAL_THUMBSUP' is not defined.","https://eslint.org/docs/latest/rules/no-undef","problem","eslint"
"120","2","C:\Users\CVHS\SF_Projects\SonarCode\SonarCode\force-app\main\default\lwc\biPspbAllPost\biPspbAllPost.js","691","7","no-undef","'TOTAL_SMILE' is not defined.","https://eslint.org/docs/latest/rules/no-undef","problem","eslint"
"121","2","C:\Users\CVHS\SF_Projects\SonarCode\SonarCode\force-app\main\default\lwc\biPspbAllPost\biPspbAllPost.js","736","7","no-undef","'TOTAL_FOLDEDHANDS' is not defined.","https://eslint.org/docs/latest/rules/no-undef","problem","eslint"
"122","2","C:\Users\CVHS\SF_Projects\SonarCode\SonarCode\force-app\main\default\lwc\biPspbAllPost\biPspbAllPost.js","783","7","no-undef","'TOTAL_HEART' is not defined.","https://eslint.org/docs/latest/rules/no-undef","problem","eslint"
"123","2","C:\Users\CVHS\SF_Projects\SonarCode\SonarCode\force-app\main\default\lwc\biPspbAllPost\biPspbAllPost.js","828","7","no-undef","'TOTAL_THINKINGFACE' is not defined.","https://eslint.org/docs/latest/rules/no-undef","problem","eslint"
"124","2","C:\Users\CVHS\SF_Projects\SonarCode\SonarCode\force-app\main\default\lwc\biPspbFirsttimeAvatarSelection\biPspbFirsttimeAvatarSelection.js","46","8","no-unused-vars","'UNASSIGNED_SITE_URL' is defined but never used.","https://eslint.org/docs/latest/rules/no-unused-vars","problem","eslint"
"125","2","C:\Users\CVHS\SF_Projects\SonarCode\SonarCode\force-app\main\default\lwc\biPspbFirsttimeAvatarSelection\biPspbFirsttimeAvatarSelection.js","47","8","no-unused-vars","'UNASSIGNED' is defined but never used.","https://eslint.org/docs/latest/rules/no-unused-vars","problem","eslint"
"126","2","C:\Users\CVHS\SF_Projects\SonarCode\SonarCode\force-app\main\default\lwc\biPspbFirsttimeAvatarSelection\biPspbFirsttimeAvatarSelection.js","48","8","no-unused-vars","'ACUTE' is defined but never used.","https://eslint.org/docs/latest/rules/no-unused-vars","problem","eslint"
"127","2","C:\Users\CVHS\SF_Projects\SonarCode\SonarCode\force-app\main\default\lwc\biPspbFirsttimeAvatarSelection\biPspbFirsttimeAvatarSelection.js","49","8","no-unused-vars","'ACUTE_DASHBOARD' is defined but never used.","https://eslint.org/docs/latest/rules/no-unused-vars","problem","eslint"
"128","2","C:\Users\CVHS\SF_Projects\SonarCode\SonarCode\force-app\main\default\lwc\biPspbFirsttimeAvatarSelection\biPspbFirsttimeAvatarSelection.js","50","8","no-unused-vars","'DASHBOARD' is defined but never used.","https://eslint.org/docs/latest/rules/no-unused-vars","problem","eslint"
"129","2","C:\Users\CVHS\SF_Projects\SonarCode\SonarCode\force-app\main\default\lwc\biPspbReminderSetup\biPspbReminderSetup.js","100","28","no-unused-vars","'error' is defined but never used.","https://eslint.org/docs/latest/rules/no-unused-vars","problem","eslint"
